<OutOfBrowserSettings ShortName="Pluralsight Offline Player" EnableGPUAcceleration="False" ShowInstallMenuItem="True">
  <OutOfBrowserSettings.Blurb>Pluralsight Offline Player for Windows and Mac</OutOfBrowserSettings.Blurb>
  <OutOfBrowserSettings.WindowSettings>
    <WindowSettings Title="Pluralsight Offline Player" Top="50" Left="50" WindowStartupLocation="Manual" />
  </OutOfBrowserSettings.WindowSettings>
  <OutOfBrowserSettings.SecuritySettings>
    <SecuritySettings ElevatedPermissions="Required" />
  </OutOfBrowserSettings.SecuritySettings>
  <OutOfBrowserSettings.Icons>
    <Icon Size="16,16">Assets/icons/icon-16.png</Icon>
    <Icon Size="32,32">Assets/icons/icon-32.png</Icon>
    <Icon Size="48,48">Assets/icons/icon-48.png</Icon>
    <Icon Size="128,128">Assets/icons/icon-128.png</Icon>
  </OutOfBrowserSettings.Icons>
</OutOfBrowserSettings>